"taxrich2mch","broadenbase","spend2mch","taxrich2lttl","taxcorp2lttl","toomanydeduct","Dnfc","lib","mod","con","pref_news","control","counteratt","proatt","modBO","modLW","resist_op","ptrust","taxrich","lowtax","taxunfair","mip_taxIneq"
6,5,4,2,1,3,1,1,0,0,1,1,0,0,0,0,5,7,5,6,6,0
6,3,1,5,4,2,0,0,0,1,1,0,0,1,0,0,1.66666662693024,4,2,5,2,0
5,6,1,3,2,4,0,1,0,0,0,0,0,1,0,0,2.66666674613953,5,5,5,5,0
6,3,1,4,2,5,0,1,0,0,1,1,0,0,0,0,1.33333337306976,4,4,5,5,0
4,6,5,1,2,3,1,1,0,0,1,0,0,1,0,0,6.66666650772095,7,6,6,6,0
1,2,6,4,5,3,0,1,0,0,1,0,1,0,0,0,4.66666650772095,6,6,5,6,1
5,4,1,3,2,6,1,0,0,1,1,1,0,0,0,0,2.66666674613953,6,2,3,2,0
6,4,1,3,2,5,0,0,1,0,0,1,0,0,0,0,2,1,2,1,2,0
4,5,1,3,2,6,1,1,0,0,1,0,1,0,0,0,2.66666674613953,4,5,5,6,0
5,4,3,2,1,6,0,1,0,0,1,0,1,0,0,0,4,6,6,6,5,0
6,4,3,2,1,5,0,0,0,1,0,1,0,0,0,0,2.33333325386047,2,4,1,4,0
6,5,1,2,3,4,1,0,1,0,0,0,0,0,0,1,1.66666662693024,4,2,2,2,0
5,4,1,2,6,3,0,0,0,1,1,0,1,0,0,0,2.33333325386047,5,2,4,2,0
2,5,3,4,1,6,0,1,0,0,1,1,0,0,0,0,3,7,6,6,5,1
6,2,5,1,4,3,0,1,0,0,0,0,0,1,0,0,4,6,3,2,4,0
4,2,6,1,5,3,0,0,1,0,0,1,0,0,0,0,3.66666674613953,2,2,5,5,0
1,3,6,2,4,5,0,1,0,0,1,0,0,1,0,0,4,4,5,3,3,0
5,3,6,1,4,2,0,0,1,0,0,0,0,0,0,1,4,3,4,4,2,0
6,5,3,1,2,4,0,1,0,0,0,0,0,1,0,0,4,5,5,4,5,1
4,3,5,1,2,6,1,1,0,0,1,0,1,0,0,0,6,6,5,5,5,0
3,1,2,6,4,5,0,1,0,0,1,0,0,1,0,0,3,4,2,3,5,0
5,2,3,1,4,6,0,1,0,0,0,0,1,0,0,0,3.66666674613953,4,4,2,4,0
4,6,1,2,5,3,0,0,1,0,0,0,0,0,0,1,3.66666674613953,2,2,4,4,0
6,4,3,2,1,5,1,0,1,0,0,1,0,0,0,0,3,4,2,2,3,0
3,6,2,4,1,5,1,1,0,0,0,0,1,0,0,0,,6,6,6,5,0
3,6,1,4,2,5,1,0,1,0,1,0,0,0,1,0,2,4,4,3,4,0
2,6,4,3,1,5,1,1,0,0,0,0,1,0,0,0,1.66666662693024,5,4,4,6,0
3,2,1,5,6,4,1,0,0,1,1,1,0,0,0,0,7,6,1,6,6,0
4,6,5,1,2,3,0,0,1,0,0,0,0,0,1,0,2,4,2,1,2,0
3,6,4,2,1,5,1,1,0,0,1,1,0,0,0,0,6.33333349227905,7,6,6,6,0
6,5,3,1,2,4,1,0,1,0,0,1,0,0,0,0,2.33333325386047,3,2,2,2,0
1,5,3,2,4,6,0,1,0,0,0,1,0,0,0,0,6,3,5,3,5,1
5,6,4,1,2,3,1,1,0,0,0,0,0,1,0,0,6,7,6,6,6,0
2,1,6,4,5,3,1,0,1,0,0,0,0,0,1,0,1.33333337306976,2,1,1,2,1
6,3,1,2,4,5,1,1,0,0,0,1,0,0,0,0,2.33333325386047,4,4,3,5,0
6,3,4,2,1,5,1,1,0,0,0,0,0,1,0,0,5.33333349227905,7,6,6,6,1
1,5,3,4,2,6,1,1,0,0,0,0,1,0,0,0,3.33333325386047,6,5,6,5,0
5,3,1,6,2,4,1,0,0,1,1,0,0,1,0,0,3.66666674613953,5,6,5,5,0
5,4,1,3,2,6,0,0,1,0,0,1,0,0,0,0,1.33333337306976,3,2,4,2,0
4,6,1,2,3,5,1,1,0,0,0,0,1,0,0,0,4.66666650772095,4,5,5,4,0
6,2,3,5,1,4,1,1,0,0,1,1,0,0,0,0,3.33333325386047,5,3,4,3,0
6,5,3,1,2,4,1,1,0,0,1,0,0,1,0,0,5,6,5,5,5,0
,,,,,,1,0,1,0,0,0,0,0,1,0,3.66666674613953,4,6,4,4,0
6,3,1,4,2,5,0,0,1,0,0,1,0,0,0,0,2.66666674613953,5,4,3,3,0
4,5,6,1,3,2,1,1,0,0,1,1,0,0,0,0,7,7,6,6,6,0
2,3,1,5,6,4,1,0,0,1,1,0,1,0,0,0,4.66666650772095,6,6,6,6,0
5,6,2,3,1,4,1,1,0,0,0,0,1,0,0,0,4.66666650772095,4,4,6,5,0
3,6,4,2,1,5,1,0,1,0,0,0,0,0,0,1,1,4,1,1,1,0
5,3,2,4,1,6,1,1,0,0,1,0,1,0,0,0,2.66666674613953,4,5,6,5,0
5,3,4,2,1,6,0,1,0,0,1,1,0,0,0,0,2.66666674613953,7,6,6,6,0
4,6,3,1,2,5,0,1,0,0,0,1,0,0,0,0,4.33333349227905,4,2,4,5,0
3,2,1,5,6,4,1,0,0,1,1,0,1,0,0,0,5.33333349227905,7,6,6,6,0
5,6,2,3,1,4,0,1,0,0,1,0,1,0,0,0,4,6,6,5,6,0
6,5,1,3,2,4,1,0,0,1,0,0,1,0,0,0,4,3,2,5,4,0
1,6,5,2,3,4,1,0,0,1,0,0,0,1,0,0,3,2,3,4,2,0
6,3,5,2,1,4,0,1,0,0,0,0,1,0,0,0,6.33333349227905,7,6,6,6,0
6,5,2,3,1,4,1,0,1,0,0,1,0,0,0,0,1,4,1,1,1,0
2,6,1,3,4,5,1,0,1,0,1,1,0,0,0,0,2,4,3,3,1,0
6,4,1,2,3,5,1,0,1,0,1,0,0,0,0,1,1.66666662693024,5,1,1,1,1
1,4,5,3,2,6,1,0,1,0,0,0,0,0,1,0,2.33333325386047,4,6,5,1,0
6,2,1,5,3,4,0,0,0,1,1,0,1,0,0,0,3,7,5,2,5,0
4,6,1,3,2,5,1,0,1,0,0,1,0,0,0,0,2.33333325386047,4,1,1,1,0
4,5,6,2,1,3,0,0,1,0,0,1,0,0,0,0,1,2,1,1,1,0
4,2,1,5,6,3,1,0,0,1,1,0,1,0,0,0,4.33333349227905,6,6,4,3,0
5,4,1,3,2,6,0,1,0,0,0,0,1,0,0,0,3.33333325386047,6,4,4,4,0
5,6,1,4,2,3,0,0,0,1,0,0,1,0,0,0,4,7,3,3,3,0
5,3,1,6,4,2,1,0,0,1,1,0,0,1,0,0,1.66666662693024,7,1,6,1,0
5,6,1,4,3,2,1,0,0,1,0,0,1,0,0,0,1,4,2,2,2,0
4,3,5,1,2,6,1,1,0,0,1,1,0,0,0,0,6.33333349227905,6,6,6,6,1
3,6,5,2,1,4,1,1,0,0,1,0,1,0,0,0,5,6,6,6,6,1
4,2,1,5,3,6,0,0,0,1,1,0,1,0,0,0,3.33333325386047,5,4,4,5,0
1,6,4,2,3,5,1,0,1,0,0,1,0,0,0,0,2,3,1,1,1,0
5,4,2,3,1,6,1,1,0,0,0,1,0,0,0,0,3,5,5,5,4,0
2,4,1,5,6,3,1,0,0,1,0,0,0,1,0,0,5.33333349227905,7,5,6,6,0
2,4,1,3,5,6,1,0,1,0,1,0,0,0,0,1,2,4,3,3,3,0
4,1,5,2,6,3,0,1,0,0,1,0,0,1,0,0,4,7,3,3,5,0
6,5,2,3,1,4,0,0,0,1,1,1,0,0,0,0,2.66666674613953,6,3,4,4,0
4,6,1,3,2,5,0,1,0,0,0,0,1,0,0,0,4,5,5,6,6,0
6,5,2,4,3,1,1,0,1,0,1,0,0,0,1,0,2,4,4,1,3,0
3,1,2,6,4,5,1,0,0,1,1,0,1,0,0,0,2.66666674613953,5,6,5,6,0
3,2,1,5,4,6,1,0,0,1,1,1,0,0,0,0,4,6,5,4,5,0
6,4,1,3,2,5,0,0,0,1,0,1,0,0,0,0,1,4,1,2,1,0
2,6,4,1,3,5,0,1,0,0,1,0,0,1,0,0,5.66666650772095,6,5,6,6,0
6,4,5,2,1,3,1,1,0,0,1,0,1,0,0,0,6.33333349227905,6,6,6,6,0
3,4,1,5,6,2,0,0,0,1,1,0,1,0,0,0,2.33333325386047,6,5,5,4,0
2,6,1,3,4,5,1,1,0,0,1,0,1,0,0,0,3,7,5,4,6,0
1,3,2,5,6,4,0,0,1,0,1,1,0,0,0,0,2,4,2,2,2,0
6,5,1,4,2,3,1,0,1,0,0,0,0,0,1,0,2.66666674613953,6,4,2,2,0
4,6,1,3,2,5,1,0,1,0,0,1,0,0,0,0,2.33333325386047,4,2,3,1,0
3,2,1,4,5,6,1,0,0,1,0,0,1,0,0,0,3.33333325386047,7,5,6,5,0
6,3,5,2,1,4,1,1,0,0,0,0,0,1,0,0,5,6,4,6,5,0
4,6,3,2,1,5,1,0,1,0,0,0,0,0,1,0,2.66666674613953,4,2,5,2,0
6,2,1,4,3,5,0,0,0,1,1,0,0,1,0,0,3.66666674613953,4,3,4,5,0
6,2,1,3,4,5,0,1,0,0,1,1,0,0,0,0,4,4,3,4,1,0
6,4,3,1,2,5,0,0,0,1,0,0,1,0,0,0,2.33333325386047,4,3,4,3,1
6,5,1,2,3,4,0,0,0,1,0,1,0,0,0,0,1.66666662693024,5,1,2,1,0
3,2,1,5,4,6,1,0,1,0,0,0,0,0,0,1,4.66666650772095,5,6,1,6,0
5,2,1,4,3,6,1,0,0,1,1,0,0,1,0,0,3.33333325386047,4,3,3,3,0
5,4,1,2,3,6,1,0,0,1,1,0,0,1,0,0,1.33333337306976,4,1,3,1,0
3,5,1,6,2,4,1,1,0,0,1,1,0,0,0,0,3,6,5,4,4,0
6,5,4,1,2,3,0,0,1,0,0,0,0,0,0,1,2.66666674613953,4,3,3,2,0
4,3,1,6,5,2,0,1,0,0,0,0,1,0,0,0,4.66666650772095,3,3,4,3,0
4,6,1,3,2,5,0,0,1,0,0,0,0,0,0,1,2.33333325386047,4,2,3,3,0
5,2,1,4,6,3,1,0,0,1,0,0,0,1,0,0,5.33333349227905,7,6,4,6,0
6,4,2,1,5,3,1,0,1,0,1,1,0,0,0,0,3,3,1,5,2,0
3,5,4,2,1,6,0,0,1,0,0,0,0,0,1,0,1,4,1,2,1,1
4,6,2,3,1,5,1,1,0,0,1,1,0,0,0,0,4.66666650772095,6,6,6,4,0
4,5,2,3,1,6,1,1,0,0,0,0,0,1,0,0,3,5,5,4,4,0
6,4,5,1,2,3,1,1,0,0,0,1,0,0,0,0,3.66666674613953,6,6,6,6,1
6,5,1,2,3,4,1,1,0,0,0,0,1,0,0,0,2.33333325386047,4,6,6,6,0
4,2,1,5,6,3,0,0,0,1,1,0,0,1,0,0,4,4,5,4,3,0
6,4,3,1,2,5,0,1,0,0,1,0,0,1,0,0,5.66666650772095,5,5,6,5,0
4,6,3,2,1,5,1,1,0,0,1,0,0,1,0,0,4.33333349227905,4,5,5,5,0
2,6,5,1,3,4,0,1,0,0,0,0,0,1,0,0,3.33333325386047,7,6,5,6,1
6,4,1,3,2,5,1,0,1,0,1,1,0,0,0,0,1.33333337306976,4,1,2,2,0
5,2,1,6,3,4,0,1,0,0,1,0,1,0,0,0,3,2,2,3,2,0
6,5,3,1,2,4,0,1,0,0,0,1,0,0,0,0,4.33333349227905,6,5,5,6,0
4,6,2,3,1,5,1,0,0,1,0,0,1,0,0,0,1.33333337306976,4,3,3,3,0
5,2,3,6,1,4,1,1,0,0,0,0,1,0,0,0,4.66666650772095,4,5,5,5,0
6,3,4,2,1,5,1,1,0,0,0,1,0,0,0,0,1.33333337306976,4,5,5,5,1
6,5,1,2,3,4,1,0,1,0,1,0,0,0,0,1,,3,3,2,3,0
1,4,5,3,2,6,0,1,0,0,0,0,1,0,0,0,4.33333349227905,4,6,5,5,0
6,5,4,2,1,3,0,0,1,0,0,0,0,0,0,1,1,4,4,4,1,1
6,5,3,2,1,4,0,0,1,0,1,1,0,0,0,0,1.66666662693024,3,2,2,1,0
3,4,1,6,2,5,1,0,0,1,1,1,0,0,0,0,3.66666674613953,5,3,1,6,0
1,6,4,2,3,5,0,1,0,0,0,0,1,0,0,0,5,6,6,5,6,1
5,4,1,3,2,6,0,0,0,1,0,0,0,1,0,0,3.33333325386047,4,1,2,1,0
3,5,2,1,4,6,0,1,0,0,0,0,0,1,0,0,3.33333325386047,4,6,5,6,0
4,2,1,6,5,3,1,0,0,1,0,1,0,0,0,0,3.66666674613953,6,4,4,5,0
5,4,1,3,2,6,0,0,0,1,1,0,1,0,0,0,1.66666662693024,5,2,3,2,0
4,3,2,5,6,1,1,0,1,0,1,1,0,0,0,0,4,4,2,3,2,0
5,4,2,6,1,3,1,1,0,0,1,0,1,0,0,0,,6,5,3,4,0
5,6,3,1,2,4,0,0,1,0,1,0,0,0,0,1,2.66666674613953,4,3,3,3,0
6,5,2,3,1,4,1,0,1,0,0,1,0,0,0,0,1,4,2,1,2,1
6,2,4,3,1,5,1,0,1,0,0,0,0,0,1,0,3.33333325386047,3,4,2,4,0
3,5,4,2,1,6,1,1,0,0,1,1,0,0,0,0,5.66666650772095,7,6,6,6,0
3,4,5,1,2,6,1,1,0,0,0,0,1,0,0,0,6,7,5,6,6,0
4,6,1,2,3,5,1,0,0,1,1,0,1,0,0,0,3.66666674613953,5,3,3,3,0
5,6,1,4,3,2,1,0,1,0,1,0,0,0,1,0,2.66666674613953,4,3,2,3,0
6,4,1,2,3,5,1,1,0,0,1,1,0,0,0,0,1.66666662693024,7,6,6,6,0
4,5,1,6,3,2,1,0,0,1,0,0,1,0,0,0,5,6,5,3,5,0
2,6,5,3,1,4,1,1,0,0,0,0,0,1,0,0,5.66666650772095,4,5,6,4,1
4,6,3,2,1,5,0,1,0,0,1,1,0,0,0,0,5,7,6,4,6,0
6,5,1,3,4,2,1,0,1,0,0,0,0,0,0,1,2.66666674613953,4,3,2,2,0
5,3,1,6,4,2,1,0,0,1,0,0,0,1,0,0,3,4,1,1,6,0
6,4,1,2,5,3,1,0,0,1,1,1,0,0,0,0,1.66666662693024,4,1,6,1,0
5,6,1,3,2,4,0,1,0,0,0,0,1,0,0,0,2,4,5,,5,0
6,3,4,2,1,5,0,1,0,0,0,1,0,0,0,0,3,5,6,6,6,0
3,5,6,1,2,4,0,1,0,0,1,0,0,1,0,0,7,6,5,6,6,1
5,6,1,3,2,4,1,1,0,0,1,0,1,0,0,0,2.33333325386047,4,4,5,4,0
2,4,1,6,5,3,1,0,0,1,1,0,0,1,0,0,5.66666650772095,6,6,4,6,0
5,6,3,1,2,4,1,1,0,0,1,0,0,1,0,0,3.66666674613953,6,6,6,6,0
4,6,1,3,2,5,1,0,0,1,1,1,0,0,0,0,1.66666662693024,4,3,1,2,0
2,6,1,5,4,3,1,0,1,0,0,1,0,0,0,0,3,4,3,4,5,0
6,5,3,1,2,4,0,0,1,0,1,0,0,0,0,1,1.66666662693024,2,1,1,1,0
3,5,6,1,2,4,1,0,1,0,0,0,0,0,1,0,1.33333337306976,4,3,3,1,0
6,4,3,1,2,5,1,0,1,0,1,1,0,0,0,0,1,3,1,1,1,0
3,5,4,2,1,6,1,1,0,0,0,0,0,1,0,0,6.66666650772095,6,5,6,5,0
6,4,1,3,2,5,1,1,0,0,1,0,0,1,0,0,3,2,4,5,4,0
6,4,1,2,3,5,1,1,0,0,0,1,0,0,0,0,3,3,5,4,4,0
6,4,2,1,3,5,0,1,0,0,0,0,1,0,0,0,3.33333325386047,7,6,5,6,1
6,2,1,4,3,5,1,1,0,0,0,1,0,0,0,0,2.66666674613953,4,6,6,4,0
3,6,4,1,2,5,0,1,0,0,1,0,0,1,0,0,3.66666674613953,6,5,5,5,0
4,6,2,3,1,5,1,0,0,1,0,0,0,1,0,0,2,4,2,4,2,0
4,6,1,2,3,5,1,1,0,0,1,0,1,0,0,0,4.33333349227905,6,5,5,5,0
2,4,5,1,3,6,0,1,0,0,0,1,0,0,0,0,3.33333325386047,7,5,4,5,0
6,5,1,3,2,4,1,0,0,1,0,0,1,0,0,0,2.66666674613953,4,2,1,3,0
3,6,1,5,2,4,0,1,0,0,0,0,1,0,0,0,4.33333349227905,5,6,5,5,0
6,4,3,2,1,5,0,1,0,0,0,0,0,1,0,0,5.66666650772095,4,5,5,5,0
3,2,1,6,5,4,0,0,0,1,1,1,0,0,0,0,,7,5,3,5,0
1,5,4,2,3,6,1,1,0,0,1,0,0,1,0,0,2.66666674613953,6,6,4,6,0
6,4,5,2,1,3,1,1,0,0,1,1,0,0,0,0,5.33333349227905,5,6,6,6,0
6,3,1,5,4,2,1,0,0,1,1,0,0,1,0,0,4,5,4,4,4,0
6,4,2,1,5,3,1,1,0,0,1,0,1,0,0,0,2.66666674613953,5,5,3,4,0
1,5,4,2,3,6,1,1,0,0,1,0,0,1,0,0,3.66666674613953,4,5,1,6,1
2,4,1,5,3,6,1,1,0,0,0,1,0,0,0,0,3.66666674613953,4,4,3,3,0
5,6,1,2,3,4,0,1,0,0,0,0,0,1,0,0,3.33333325386047,6,6,4,6,0
6,3,1,2,4,5,0,1,0,0,0,1,0,0,0,0,1.66666662693024,3,3,4,4,0
5,6,2,1,4,3,1,1,0,0,1,0,0,1,0,0,5.66666650772095,7,5,6,5,0
1,5,4,3,2,6,0,1,0,0,0,0,1,0,0,0,4,5,4,5,5,1
5,4,3,2,1,6,0,1,0,0,0,0,1,0,0,0,2.33333325386047,7,6,3,6,0
2,6,4,1,3,5,1,1,0,0,0,1,0,0,0,0,3.33333325386047,4,5,4,5,0
6,2,1,4,3,5,0,0,1,0,0,1,0,0,0,0,1,5,4,4,2,0
4,2,1,6,3,5,0,0,0,1,1,0,0,1,0,0,4.66666650772095,7,6,5,6,0
4,6,1,3,2,5,0,1,0,0,0,0,1,0,0,0,3.33333325386047,4,6,6,6,0
5,4,1,6,3,2,0,0,0,1,0,0,1,0,0,0,3.33333325386047,5,3,2,3,0
6,5,3,2,1,4,1,1,0,0,0,0,0,1,0,0,2.66666674613953,6,6,6,6,0
5,6,4,2,1,3,0,1,0,0,0,0,0,1,0,0,6,5,5,6,6,0
6,3,1,5,2,4,0,1,0,0,1,1,0,0,0,0,3.66666674613953,4,4,5,5,0
5,4,2,3,1,6,0,0,1,0,0,0,0,0,1,0,3.33333325386047,4,2,2,2,0
5,4,1,2,3,6,1,0,0,1,1,0,1,0,0,0,3,6,3,2,3,0
6,4,1,3,2,5,0,0,1,0,0,1,0,0,0,0,1.66666662693024,4,2,2,2,0
1,4,6,3,2,5,0,1,0,0,0,0,1,0,0,0,6,6,5,6,5,1
6,5,4,1,3,2,1,1,0,0,1,1,0,0,0,0,4,6,4,4,4,0
4,5,1,2,3,6,0,0,1,0,0,0,0,0,0,1,2.66666674613953,5,2,4,2,0
5,6,1,2,3,4,0,1,0,0,0,0,1,0,0,0,3,4,5,6,5,0
5,3,1,6,2,4,1,1,0,0,1,1,0,0,0,0,2,4,4,3,4,0
6,2,1,5,4,3,0,0,0,1,0,0,1,0,0,0,2.66666674613953,6,5,5,5,0
1,6,4,2,3,5,0,0,1,0,0,0,0,0,0,1,4.33333349227905,4,3,3,5,0
4,3,1,5,2,6,0,0,0,1,0,0,0,1,0,0,4.33333349227905,4,4,3,3,0
6,2,1,4,3,5,1,0,1,0,1,0,0,0,1,0,2.66666674613953,4,3,2,2,0
6,3,5,2,1,4,1,1,0,0,0,1,0,0,0,0,6.66666650772095,7,6,6,1,0
6,5,4,1,2,3,1,1,0,0,1,1,0,0,0,0,5.33333349227905,6,5,5,6,0
4,2,1,3,5,6,0,0,0,1,0,0,0,1,0,0,4,6,4,4,3,0
4,6,1,5,2,3,1,0,0,1,1,0,1,0,0,0,1.66666662693024,6,2,6,3,0
5,2,6,3,1,4,1,1,0,0,0,1,0,0,0,0,3.33333325386047,6,5,5,5,0
5,4,1,6,2,3,1,0,1,0,1,0,0,0,0,1,4,4,4,2,3,0
5,3,4,2,1,6,0,1,0,0,0,0,1,0,0,0,5.66666650772095,5,6,6,5,1
5,4,3,2,1,6,0,0,1,0,1,1,0,0,0,0,3,4,1,1,1,0
5,6,4,2,1,3,1,1,0,0,1,0,1,0,0,0,6,4,5,6,5,0
6,4,5,2,1,3,0,1,0,0,0,0,0,1,0,0,4.66666650772095,6,5,6,6,1
2,6,5,3,1,4,0,1,0,0,0,0,0,1,0,0,4.33333349227905,5,4,5,4,0
6,4,1,3,2,5,0,0,1,0,0,1,0,0,0,0,3,4,1,1,3,0
4,5,1,3,2,6,1,0,1,0,0,0,0,0,1,0,1,4,2,2,2,0
6,5,3,2,1,4,1,1,0,0,0,0,0,1,0,0,5.33333349227905,6,6,6,6,0
3,6,4,1,2,5,1,1,0,0,1,1,0,0,0,0,3.33333325386047,6,4,5,2,0
5,3,1,6,2,4,0,0,1,0,0,0,0,0,1,0,3.66666674613953,5,5,4,5,0
4,6,1,3,5,2,1,0,1,0,0,1,0,0,0,0,2.66666674613953,4,3,4,3,0
4,6,1,3,2,5,1,1,0,0,1,0,1,0,0,0,4.66666650772095,4,3,4,4,0
6,5,3,2,1,4,1,1,0,0,1,0,0,1,0,0,5,5,6,5,5,0
2,3,1,4,5,6,0,0,0,1,0,1,0,0,0,0,6,6,4,5,6,0
6,4,2,3,1,5,0,1,0,0,0,0,0,1,0,0,4,5,4,4,3,0
6,5,3,1,4,2,1,1,0,0,0,0,1,0,0,0,4,6,4,6,6,1
6,1,2,5,3,4,0,0,0,1,0,0,0,1,0,0,3.33333325386047,5,3,4,4,0
4,6,3,2,1,5,1,1,0,0,0,1,0,0,0,0,3.33333325386047,4,4,6,4,0
6,5,1,4,2,3,1,1,0,0,0,0,1,0,0,0,3.33333325386047,6,5,5,5,0
2,4,1,6,3,5,0,0,0,1,1,1,0,0,0,0,5,6,5,3,5,0
5,6,1,2,3,4,1,0,1,0,1,0,0,0,0,1,3.33333325386047,4,4,3,3,0
3,4,1,6,2,5,1,0,0,1,0,1,0,0,0,0,2,5,3,1,3,0
6,2,3,5,1,4,0,0,0,1,0,0,0,1,0,0,3.33333325386047,6,5,1,1,0
5,3,1,6,2,4,0,0,0,1,1,1,0,0,0,0,4.66666650772095,5,6,3,6,0
5,4,1,2,3,6,0,0,0,1,0,0,1,0,0,0,3.66666674613953,6,2,3,2,0
6,4,1,2,3,5,0,0,0,1,1,0,0,1,0,0,2.33333325386047,6,2,4,2,0
2,6,4,1,3,5,1,1,0,0,0,1,0,0,0,0,4.33333349227905,4,5,4,6,1
6,4,3,1,2,5,0,0,0,1,0,0,1,0,0,0,1.33333337306976,7,1,1,1,0
6,5,1,3,2,4,1,1,0,0,0,0,1,0,0,0,3.33333325386047,4,5,5,5,0
6,4,3,1,2,5,1,1,0,0,0,0,0,1,0,0,2.66666674613953,5,5,5,5,0
6,4,3,2,1,5,1,1,0,0,1,0,1,0,0,0,3,6,5,5,6,0
4,5,3,2,1,6,0,1,0,0,1,1,0,0,0,0,3.66666674613953,7,6,6,6,0
5,6,4,2,1,3,1,0,1,0,0,0,0,0,0,1,1,2,2,3,2,0
6,3,5,2,1,4,1,1,0,0,1,0,1,0,0,0,5,5,5,5,5,0
5,4,1,6,2,3,1,0,0,1,0,1,0,0,0,0,4,6,5,2,5,0
5,4,1,6,3,2,1,0,0,1,0,0,0,1,0,0,3,6,5,2,5,0
6,5,3,2,1,4,0,1,0,0,0,0,0,1,0,0,4.66666650772095,4,5,5,5,0
6,4,3,2,1,5,1,1,0,0,0,1,0,0,0,0,3.66666674613953,6,6,6,6,0
6,4,1,3,2,5,0,0,1,0,0,0,0,0,0,1,1,4,1,3,1,0
5,4,6,3,1,2,1,1,0,0,0,1,0,0,0,0,6.66666650772095,7,6,6,6,0
5,6,4,2,1,3,1,1,0,0,1,0,1,0,0,0,6.33333349227905,4,5,6,6,1
2,5,1,3,4,6,1,1,0,0,0,0,1,0,0,0,3.33333325386047,4,6,6,6,0
4,5,1,3,2,6,0,0,0,1,0,1,0,0,0,0,3.66666674613953,7,4,3,3,0
5,6,3,2,1,4,1,1,0,0,0,0,0,1,0,0,5,5,6,6,6,1
4,5,6,1,2,3,1,1,0,0,1,0,1,0,0,0,3.66666674613953,6,5,6,6,0
,,,,,,1,1,0,0,0,0,0,1,0,0,,,,,,
5,6,3,1,2,4,1,1,0,0,1,0,0,1,0,0,4.33333349227905,5,5,6,6,1
4,2,1,6,5,3,1,1,0,0,1,1,0,0,0,0,1,1,3,2,1,0
3,5,4,2,1,6,1,0,0,1,1,0,1,0,0,0,1.33333337306976,7,1,4,1,0
6,4,1,2,3,5,0,0,1,0,1,1,0,0,0,0,4.66666650772095,5,1,6,1,0
2,5,1,4,3,6,0,1,0,0,0,0,1,0,0,0,2,4,3,5,5,0
5,6,2,3,1,4,0,1,0,0,1,0,0,1,0,0,4.33333349227905,4,4,6,5,0
3,6,5,2,1,4,1,1,0,0,0,0,1,0,0,0,4,4,6,5,6,0
5,4,6,2,1,3,1,1,0,0,1,1,0,0,0,0,7,6,5,6,6,0
4,5,3,2,1,6,1,0,0,1,0,1,0,0,0,0,1,4,3,3,1,0
6,2,5,1,4,3,1,1,0,0,0,0,0,1,0,0,4,6,5,2,5,1
5,6,2,1,3,4,0,0,1,0,0,0,0,0,1,0,4.33333349227905,3,3,6,5,0
5,2,3,1,4,6,0,0,1,0,0,0,0,0,1,0,3,4,1,2,3,0
6,4,1,3,5,2,0,0,0,1,1,1,0,0,0,0,4.33333349227905,5,2,5,3,0
6,5,1,2,4,3,1,0,0,1,0,0,1,0,0,0,3,4,1,1,1,0
6,3,2,4,1,5,0,1,0,0,1,0,0,1,0,0,3,4,4,2,4,0
5,6,1,4,3,2,0,0,1,0,0,1,0,0,0,0,2.33333325386047,4,3,2,3,0
4,5,1,2,3,6,1,1,0,0,1,0,1,0,0,0,4.33333349227905,4,4,5,4,0
5,3,4,1,2,6,1,0,0,1,0,1,0,0,0,0,2.33333325386047,4,2,2,2,0
3,5,1,4,2,6,1,0,0,1,1,0,1,0,0,0,3.33333325386047,5,6,5,6,0
2,6,4,3,1,5,1,1,0,0,0,0,1,0,0,0,6,,6,6,6,1
1,5,2,4,3,6,0,0,0,1,0,0,1,0,0,0,2,1,1,2,1,0
4,5,1,2,3,6,1,0,0,1,0,1,0,0,0,0,2,2,1,2,2,0
6,4,5,3,2,1,1,1,0,0,0,1,0,0,0,0,4.66666650772095,5,2,6,5,0
5,6,1,2,3,4,1,0,1,0,0,0,0,0,1,0,1.66666662693024,3,1,2,1,0
5,2,1,6,3,4,0,1,0,0,1,0,0,1,0,0,,3,2,5,3,0
6,4,2,1,3,5,1,0,1,0,0,1,0,0,0,0,1.33333337306976,4,4,3,1,0
4,6,1,2,3,5,1,0,0,1,0,0,1,0,0,0,1.33333337306976,4,2,2,2,0
5,1,6,4,3,2,1,1,0,0,0,0,1,0,0,0,3,7,4,6,5,0
6,5,1,4,2,3,1,0,1,0,1,0,0,0,1,0,1,4,1,3,1,0
5,6,3,2,1,4,1,1,0,0,0,0,0,1,0,0,5.33333349227905,5,6,6,6,0
2,5,3,1,4,6,1,0,0,1,1,1,0,0,0,0,2,2,3,2,2,0
6,4,3,2,1,5,1,0,1,0,0,0,0,0,1,0,1,4,1,1,2,0
4,6,3,2,1,5,1,1,0,0,0,0,0,1,0,0,2.66666674613953,7,6,6,6,1
5,6,1,2,3,4,1,1,0,0,0,1,0,0,0,0,2.33333325386047,4,3,3,5,0
5,6,3,2,1,4,1,0,0,1,1,0,1,0,0,0,1.66666662693024,5,3,3,2,0
6,3,4,2,1,5,1,1,0,0,1,1,0,0,0,0,5.66666650772095,6,5,6,5,0
5,6,2,1,3,4,0,1,0,0,0,0,0,1,0,0,4.66666650772095,6,6,6,6,0
6,5,4,1,2,3,1,1,0,0,1,1,0,0,0,0,5,6,6,5,5,1
5,3,1,6,4,2,1,0,0,1,1,0,0,1,0,0,3.66666674613953,5,4,4,5,0
3,4,6,1,2,5,1,1,0,0,1,0,1,0,0,0,4.33333349227905,5,4,5,,1
4,3,1,5,2,6,0,0,0,1,1,0,1,0,0,0,2,4,3,5,3,0
4,6,1,2,3,5,1,0,0,1,0,0,1,0,0,0,1,4,2,2,2,1
2,6,1,4,3,5,1,1,0,0,1,1,0,0,0,0,4,6,6,5,5,0
6,5,1,3,2,4,1,1,0,0,1,0,1,0,0,0,3,4,5,1,6,0
6,4,1,3,2,5,0,0,1,0,0,0,0,0,0,1,2.33333325386047,5,3,3,3,0
2,5,6,1,3,4,0,1,0,0,0,0,1,0,0,0,1.33333337306976,4,6,6,6,1
5,4,6,2,1,3,0,1,0,0,1,1,0,0,0,0,5.66666650772095,7,6,6,6,0
6,2,1,4,3,5,1,0,0,1,0,1,0,0,0,0,3.33333325386047,6,4,4,4,0
5,2,1,6,3,4,1,0,0,1,0,0,0,1,0,0,4.33333349227905,7,5,5,5,0
5,2,1,6,4,3,1,0,0,1,1,0,1,0,0,0,2.66666674613953,7,5,4,6,0
4,6,3,2,1,5,1,1,0,0,0,1,0,0,0,0,3.66666674613953,4,6,5,6,0
5,4,6,2,1,3,1,1,0,0,1,0,1,0,0,0,6.66666650772095,6,6,6,6,0
5,4,6,1,2,3,0,1,0,0,0,0,0,1,0,0,4,6,5,5,5,0
6,3,1,4,2,5,1,1,0,0,0,0,1,0,0,0,2.66666674613953,5,5,6,5,0
4,6,3,2,1,5,1,1,0,0,1,0,1,0,0,0,4.33333349227905,5,5,5,5,1
6,3,4,1,2,5,1,0,1,0,1,0,0,0,0,1,2.33333325386047,2,2,1,3,0
6,5,3,2,1,4,0,1,0,0,0,1,0,0,0,0,1.66666662693024,6,6,3,6,1
6,5,3,1,2,4,1,0,1,0,0,0,0,0,0,1,1,4,1,1,1,0
1,6,3,2,4,5,0,0,0,1,0,1,0,0,0,0,4.66666650772095,5,3,3,2,0
3,5,1,4,2,6,0,1,0,0,0,0,1,0,0,0,4.66666650772095,4,4,6,6,0
6,3,5,1,2,4,0,1,0,0,1,0,0,1,0,0,4.33333349227905,5,6,5,6,0
3,5,1,2,4,6,1,0,1,0,1,0,0,0,1,0,1,4,3,2,1,0
5,2,1,4,3,6,1,0,0,1,0,0,1,0,0,0,1.66666662693024,4,6,6,6,0
6,4,3,1,2,5,1,1,0,0,1,1,0,0,0,0,4.33333349227905,4,6,5,6,0
6,5,1,3,2,4,0,1,0,0,0,0,1,0,0,0,3,4,4,6,4,0
3,6,4,1,2,5,0,1,0,0,0,0,0,1,0,0,5.33333349227905,5,6,4,6,1
4,5,1,3,2,6,1,0,0,1,0,0,0,1,0,0,2.66666674613953,6,1,1,4,0
4,2,1,6,5,3,0,0,0,1,0,1,0,0,0,0,7,7,6,6,6,0
6,5,1,4,3,2,1,0,0,1,1,0,0,1,0,0,5.33333349227905,4,3,2,4,0
6,3,4,2,1,5,0,1,0,0,1,1,0,0,0,0,6,6,6,5,6,0
6,5,1,4,3,2,1,1,0,0,0,0,0,1,0,0,4.33333349227905,6,6,6,4,1
6,4,5,3,1,2,1,1,0,0,0,1,0,0,0,0,4.66666650772095,4,5,5,4,0
6,4,3,1,2,5,1,1,0,0,0,0,1,0,0,0,3.33333325386047,4,6,6,6,0
4,6,5,1,2,3,0,0,0,1,0,0,1,0,0,0,2,4,4,2,3,0
4,5,3,1,2,6,0,1,0,0,0,0,0,1,0,0,3.33333325386047,6,6,3,6,0
1,5,6,3,2,4,1,1,0,0,1,1,0,0,0,0,5.33333349227905,6,6,5,6,0
3,6,5,2,1,4,1,1,0,0,0,0,0,1,0,0,6.33333349227905,7,6,6,6,0
2,4,6,3,1,5,1,0,1,0,0,0,0,0,1,0,1.66666662693024,4,1,1,1,0
4,6,3,2,1,5,1,1,0,0,0,1,0,0,0,0,2.33333325386047,5,4,6,5,1
3,6,4,1,2,5,1,1,0,0,1,1,0,0,0,0,7,7,1,6,6,0
4,5,3,1,2,6,0,0,1,0,0,0,0,0,0,1,3.66666674613953,2,1,1,1,0
5,1,3,6,4,2,1,0,0,1,1,0,0,1,0,0,3.66666674613953,5,4,4,3,1
5,3,4,1,2,6,1,1,0,0,1,0,0,1,0,0,4.66666650772095,6,6,6,5,1
3,5,4,2,1,6,1,1,0,0,1,0,1,0,0,0,6,6,5,6,5,0
3,4,5,2,1,6,0,0,1,0,0,0,0,0,0,1,3.66666674613953,2,6,2,3,0
4,3,5,6,1,2,0,0,0,1,1,0,0,1,0,0,2.33333325386047,4,4,3,3,0
6,5,1,2,3,4,1,0,1,0,0,1,0,0,0,0,3.33333325386047,4,2,1,2,0
3,6,1,2,5,4,1,0,1,0,0,0,0,0,0,1,2.66666674613953,5,2,2,1,0
4,2,1,6,5,3,0,0,0,1,1,0,0,1,0,0,4.66666650772095,6,6,4,6,0
1,3,2,6,4,5,0,0,0,1,1,1,0,0,0,0,4.33333349227905,5,3,3,3,1
2,6,4,1,3,5,1,1,0,0,0,0,1,0,0,0,3,6,6,5,5,0
2,6,1,3,4,5,1,0,1,0,0,0,0,0,0,1,1,4,1,1,1,0
2,3,1,6,5,4,1,0,0,1,1,0,0,1,0,0,3.33333325386047,6,5,2,6,0
5,6,3,4,1,2,1,0,1,0,1,0,0,0,0,1,4,4,4,3,3,0
5,4,2,3,1,6,1,1,0,0,0,0,0,1,0,0,,,,,,0
6,4,5,2,1,3,0,1,0,0,1,1,0,0,0,0,5,5,5,6,5,0
3,2,1,6,4,5,0,0,0,1,1,0,1,0,0,0,4,7,6,6,6,0
6,5,3,1,2,4,1,1,0,0,1,0,1,0,0,0,4.66666650772095,4,6,5,6,0
5,6,4,2,1,3,0,1,0,0,0,1,0,0,0,0,2.66666674613953,4,2,4,2,0
6,5,4,2,1,3,1,1,0,0,0,1,0,0,0,0,5.66666650772095,4,5,6,5,0
3,5,1,2,4,6,0,1,0,0,0,0,1,0,0,0,4,5,4,5,5,0
6,5,4,2,1,3,1,1,0,0,1,0,0,1,0,0,6.66666650772095,7,3,6,5,1
2,5,6,3,1,4,0,0,1,0,1,0,0,0,1,0,3.33333325386047,4,3,3,3,1
4,6,1,5,2,3,0,0,0,1,1,1,0,0,0,0,1.66666662693024,6,4,4,4,0
2,5,3,1,4,6,0,0,1,0,0,0,0,0,1,0,1,4,1,5,1,0
4,3,1,5,6,2,1,0,0,1,1,1,0,0,0,0,2.66666674613953,4,4,5,4,0
4,6,1,3,2,5,1,0,0,1,0,0,1,0,0,0,2.66666674613953,5,2,2,3,0
6,4,5,2,1,3,0,0,0,1,1,0,0,1,0,0,3.66666674613953,7,4,4,6,0
6,5,1,3,2,4,0,1,0,0,1,0,0,1,0,0,4.33333349227905,5,5,5,5,0
1,5,4,6,2,3,0,1,0,0,0,1,0,0,0,0,3.33333325386047,4,4,4,4,0
3,2,4,1,5,6,0,0,1,0,0,1,0,0,0,0,3.66666674613953,4,4,3,3,0
5,4,3,1,2,6,1,0,1,0,0,0,0,0,0,1,2.66666674613953,2,2,2,3,0
6,5,4,2,1,3,0,1,0,0,1,1,0,0,0,0,6.66666650772095,4,5,6,5,0
,,,,,,0,0,0,1,1,0,0,1,0,0,3,4,3,4,3,0
4,6,1,2,5,3,1,0,0,1,1,0,1,0,0,0,3,5,5,4,4,0
3,4,2,6,1,5,0,0,0,1,1,0,1,0,0,0,1.33333337306976,6,6,4,4,0
2,4,1,5,6,3,0,1,0,0,1,1,0,0,0,0,3.33333325386047,3,3,3,4,0
2,6,3,4,1,5,1,1,0,0,0,0,1,0,0,0,4.33333349227905,5,4,6,3,0
4,1,2,6,5,3,0,1,0,0,0,0,0,1,0,0,4.66666650772095,3,5,3,5,0
2,3,1,6,4,5,1,0,0,1,1,1,0,0,0,0,4.33333349227905,7,6,6,6,0
6,4,5,2,1,3,0,1,0,0,1,1,0,0,0,0,4.33333349227905,5,6,6,6,0
6,2,1,4,3,5,1,1,0,0,0,0,1,0,0,0,2.33333325386047,5,4,3,4,0
6,5,3,1,2,4,1,1,0,0,0,0,1,0,0,0,7,6,6,6,6,0
3,6,1,4,2,5,1,1,0,0,0,1,0,0,0,0,3.33333325386047,7,6,4,6,0
3,5,6,1,2,4,1,1,0,0,0,0,0,1,0,0,4,4,4,5,6,0
4,6,1,2,3,5,1,1,0,0,0,0,0,1,0,0,2.66666674613953,6,5,5,5,0
6,4,3,1,2,5,1,1,0,0,0,0,1,0,0,0,2.66666674613953,4,6,6,6,1
5,2,1,6,3,4,1,0,0,1,0,1,0,0,0,0,3.33333325386047,7,6,4,5,0
6,2,1,3,4,5,0,0,0,1,1,0,0,1,0,0,2.33333325386047,5,3,3,2,0
6,5,3,2,1,4,1,0,0,1,1,0,1,0,0,0,2.33333325386047,7,3,4,3,0
4,5,6,2,1,3,1,1,0,0,1,0,0,1,0,0,6.66666650772095,7,6,6,6,0
4,6,2,3,1,5,1,1,0,0,0,1,0,0,0,0,1.33333337306976,4,5,2,6,0
2,5,1,4,3,6,1,0,1,0,0,1,0,0,0,0,2,4,4,3,4,0
6,4,2,3,1,5,1,0,1,0,0,0,0,0,1,0,1.66666662693024,4,3,3,1,0
2,6,5,1,3,4,0,1,0,0,1,0,1,0,0,0,5,6,5,6,6,0
6,5,1,2,3,4,1,0,1,0,1,1,0,0,0,0,1,4,1,3,1,0
4,3,1,6,2,5,0,1,0,0,1,0,1,0,0,0,2.66666674613953,4,4,5,4,0
5,3,6,2,1,4,0,1,0,0,0,0,0,1,0,0,4.33333349227905,6,5,6,5,1
2,3,1,6,5,4,1,0,0,1,1,1,0,0,0,0,4,5,6,4,6,0
5,4,1,6,3,2,1,0,0,1,0,1,0,0,0,0,3.33333325386047,6,4,4,4,0
2,5,1,4,3,6,1,0,1,0,1,0,0,0,0,1,1.66666662693024,4,3,1,1,0
5,4,1,6,2,3,1,0,0,1,0,0,0,1,0,0,1.66666662693024,6,4,5,3,0
6,5,3,1,2,4,1,1,0,0,0,0,0,1,0,0,4.66666650772095,4,5,6,5,1
6,4,1,3,2,5,0,0,0,1,0,0,0,1,0,0,2.33333325386047,3,2,3,1,0
1,2,3,6,5,4,0,1,0,0,0,1,0,0,0,0,2.66666674613953,5,6,6,5,0
6,5,1,2,3,4,1,0,0,1,1,0,1,0,0,0,2.33333325386047,6,1,2,5,0
4,5,1,3,2,6,0,1,0,0,0,1,0,0,0,0,2.66666674613953,6,4,6,4,0
5,1,3,6,2,4,0,0,1,0,0,0,0,0,1,0,2.66666674613953,4,2,4,3,0
1,6,3,2,4,5,0,0,0,1,0,0,0,1,0,0,3,6,4,4,3,0
6,4,5,1,2,3,1,1,0,0,1,1,0,0,0,0,2,5,5,5,4,1
5,6,4,1,3,2,0,1,0,0,1,0,0,1,0,0,7,5,6,6,6,0
5,3,1,6,4,2,1,0,0,1,0,0,0,1,0,0,1.66666662693024,2,1,4,1,0
2,5,3,1,4,6,1,0,1,0,0,0,0,0,0,1,1,2,2,4,1,0
6,4,3,2,1,5,1,1,0,0,1,1,0,0,0,0,4.33333349227905,5,5,5,5,0
4,6,1,2,3,5,0,0,0,1,0,0,1,0,0,0,1.33333337306976,3,2,5,3,0
4,5,3,2,1,6,1,1,0,0,0,0,1,0,0,0,4,5,6,5,5,0
2,6,1,3,4,5,1,0,1,0,0,0,0,0,0,1,3,4,3,2,3,0
5,6,1,3,2,4,0,0,1,0,0,0,0,0,1,0,1.33333337306976,4,3,2,2,0
4,6,5,1,2,3,0,1,0,0,0,1,0,0,0,0,4.66666650772095,3,4,6,5,0
2,5,6,3,1,4,1,1,0,0,1,0,1,0,0,0,4.66666650772095,6,,,,1
6,5,2,1,4,3,1,1,0,0,0,0,1,0,0,0,3,4,5,4,5,0
6,5,4,1,2,3,0,1,0,0,0,1,0,0,0,0,2,4,6,4,6,0
3,6,4,2,1,5,1,1,0,0,1,0,1,0,0,0,3,7,6,6,6,0
5,3,6,1,2,4,0,1,0,0,0,1,0,0,0,0,5.66666650772095,7,6,6,6,0
3,5,1,4,2,6,0,0,0,1,0,0,1,0,0,0,4,6,3,3,3,0
6,5,1,3,2,4,1,0,1,0,0,0,0,0,0,1,4.66666650772095,4,3,1,3,0
6,3,1,5,2,4,1,0,1,0,1,1,0,0,0,0,2.33333325386047,3,2,2,2,0
3,6,1,2,5,4,0,1,0,0,0,0,1,0,0,0,3.33333325386047,4,4,3,3,0
3,5,6,2,1,4,1,1,0,0,1,0,1,0,0,0,5.66666650772095,6,6,6,6,1
6,2,1,4,5,3,1,0,0,1,1,1,0,0,0,0,7,4,6,4,6,0
6,5,1,3,4,2,1,1,0,0,1,1,0,0,0,0,4.33333349227905,4,3,4,4,0
2,5,4,3,1,6,1,1,0,0,1,0,0,1,0,0,4.66666650772095,4,5,6,6,1
6,3,5,1,2,4,1,1,0,0,0,0,1,0,0,0,,6,6,6,6,1
6,4,3,2,1,5,1,1,0,0,0,0,0,1,0,0,6,4,2,6,6,1
6,3,2,1,5,4,0,0,0,1,1,0,0,1,0,0,1,4,1,1,3,0
6,4,1,3,2,5,1,1,0,0,1,0,0,1,0,0,3.33333325386047,7,5,5,4,0
,,,,,,0,1,0,0,0,1,0,0,0,0,4,4,3,4,3,0
6,5,3,2,1,4,1,0,1,0,0,0,0,0,0,1,2.33333325386047,4,2,3,2,0
6,4,5,3,1,2,1,0,1,0,1,0,0,0,1,0,1,4,1,3,1,0
4,6,1,2,3,5,0,0,0,1,0,1,0,0,0,0,4,4,2,3,3,0
6,4,1,2,3,5,1,0,0,1,0,0,1,0,0,0,,2,5,2,3,0
5,6,1,3,2,4,0,0,0,1,1,0,0,1,0,0,1,6,1,1,1,0
3,5,1,4,6,2,0,0,1,0,0,0,0,0,1,0,1.66666662693024,4,1,5,1,0
4,3,1,6,5,2,1,0,0,1,0,1,0,0,0,0,4.66666650772095,6,6,5,6,0
3,5,4,1,2,6,1,0,1,0,0,1,0,0,0,0,2.33333325386047,,,,,0
1,6,2,4,3,5,0,1,0,0,0,0,0,1,0,0,3.33333325386047,4,6,5,6,1
5,6,1,3,2,4,0,0,1,0,0,0,0,0,0,1,2,4,2,3,3,0
4,6,3,2,1,5,0,1,0,0,0,1,0,0,0,0,3.33333325386047,4,5,4,4,0
6,3,4,1,2,5,0,1,0,0,0,0,1,0,0,0,4.33333349227905,6,6,6,,0
6,4,1,3,2,5,0,0,1,0,0,0,0,0,0,1,1,4,1,6,1,0
4,6,2,5,1,3,0,1,0,0,1,1,0,0,0,0,5,5,4,6,6,0
6,5,2,4,1,3,1,1,0,0,1,0,1,0,0,0,3,4,4,5,4,0
6,2,1,5,4,3,1,0,0,1,1,1,0,0,0,0,3,5,2,4,,0
6,4,1,3,2,5,1,0,0,1,1,0,0,1,0,0,1.33333337306976,5,3,3,3,0
6,4,1,3,2,5,1,1,0,0,0,0,0,1,0,0,5.33333349227905,5,4,5,5,0
2,4,6,1,3,5,0,1,0,0,0,0,1,0,0,0,5.66666650772095,6,6,6,6,0
6,4,1,3,2,5,0,1,0,0,0,0,0,1,0,0,3,7,4,5,6,0
5,3,1,4,2,6,1,0,1,0,0,1,0,0,0,0,1,2,1,1,1,1
3,4,1,6,5,2,0,0,0,1,1,1,0,0,0,0,4,7,4,3,5,0
6,3,1,5,2,4,1,0,0,1,1,0,0,1,0,0,3.33333325386047,6,5,2,3,1
5,4,3,1,2,6,1,1,0,0,1,0,0,1,0,0,5.33333349227905,4,6,5,3,0
6,2,1,3,4,5,1,0,1,0,1,1,0,0,0,0,3.66666674613953,4,2,2,2,0
5,2,1,6,4,3,1,0,0,1,0,0,0,1,0,0,3,7,5,5,5,0
4,5,1,3,2,6,1,1,0,0,0,1,0,0,0,0,3.33333325386047,5,6,6,5,0
6,5,2,1,3,4,0,1,0,0,0,0,0,1,0,0,1.66666662693024,4,5,3,6,0
2,6,1,3,4,5,1,1,0,0,1,0,1,0,0,0,3.66666674613953,6,3,5,5,1
5,2,1,6,3,4,1,0,0,1,1,1,0,0,0,0,3.33333325386047,4,6,6,6,0
3,6,1,4,2,5,0,1,0,0,0,0,0,1,0,0,4.33333349227905,4,3,3,4,0
6,2,4,1,3,5,0,0,1,0,0,0,0,0,1,0,5,4,4,3,6,1
6,3,5,2,1,4,0,1,0,0,1,1,0,0,0,0,5.33333349227905,6,4,6,6,0
6,5,2,1,4,3,1,1,0,0,1,0,1,0,0,0,5,6,5,6,6,0
2,6,1,4,3,5,0,1,0,0,0,1,0,0,0,0,1.66666662693024,6,3,4,3,0
5,2,1,6,3,4,1,0,0,1,1,0,0,1,0,0,2.33333325386047,7,4,5,3,0
3,5,1,4,2,6,0,0,1,0,0,0,0,0,0,1,3,5,5,3,3,0
3,5,2,1,4,6,1,1,0,0,1,0,1,0,0,0,5.33333349227905,4,1,6,5,0
6,5,1,2,4,3,1,0,0,1,1,1,0,0,0,0,2.66666674613953,4,2,3,3,0
4,3,1,5,2,6,1,0,0,1,1,0,0,1,0,0,1.33333337306976,4,3,6,1,0
4,5,1,3,2,6,1,1,0,0,0,0,0,1,0,0,3.33333325386047,5,5,6,5,0
6,4,5,1,2,3,1,1,0,0,1,1,0,0,0,0,4.33333349227905,6,4,6,6,0
4,2,1,5,6,3,1,0,0,1,0,0,1,0,0,0,6,7,6,4,6,1
6,3,1,4,2,5,1,1,0,0,0,0,0,1,0,0,6.66666650772095,6,6,6,6,1
6,4,5,2,1,3,0,1,0,0,1,0,1,0,0,0,6,5,6,6,6,0
1,5,3,4,2,6,0,1,0,0,0,1,0,0,0,0,3.66666674613953,4,5,5,5,0
5,6,3,1,2,4,0,1,0,0,1,0,0,1,0,0,5.33333349227905,6,6,6,6,0
6,4,2,3,1,5,1,1,0,0,0,0,1,0,0,0,2.66666674613953,4,3,6,6,0
3,6,5,1,2,4,0,1,0,0,0,1,0,0,0,0,4.66666650772095,6,6,6,6,1
3,5,4,2,1,6,0,1,0,0,0,0,1,0,0,0,3.66666674613953,7,6,6,6,0
4,6,1,2,3,5,0,1,0,0,0,0,0,1,0,0,2,5,5,5,5,0
6,4,1,2,3,5,0,1,0,0,0,1,0,0,0,0,3,4,6,5,6,0
6,5,4,1,3,2,0,1,0,0,1,0,1,0,0,0,7,7,6,6,6,0
6,5,1,3,2,4,0,1,0,0,1,1,0,0,0,0,3.66666674613953,6,5,6,5,0
4,5,3,1,2,6,0,0,1,0,1,0,0,0,0,1,2.33333325386047,4,1,2,2,0
6,2,1,5,4,3,1,0,0,1,1,1,0,0,0,0,5,6,4,5,5,0
4,6,1,3,2,5,1,0,1,0,1,0,0,0,1,0,1.33333337306976,5,2,2,2,0
3,6,5,4,2,1,0,1,0,0,0,0,1,0,0,0,4.33333349227905,4,5,5,4,0
5,6,1,4,3,2,0,0,1,0,0,0,0,0,0,1,2.33333325386047,4,1,5,2,0
6,5,3,1,2,4,1,0,1,0,1,1,0,0,0,0,3.66666674613953,7,1,1,2,0
5,2,1,3,4,6,0,0,0,1,0,0,0,1,0,0,4,4,2,2,3,0
6,4,3,2,1,5,0,1,0,0,0,0,1,0,0,0,4,6,5,1,5,0
6,2,3,5,1,4,1,0,1,0,0,1,0,0,0,0,3,2,2,5,1,0
6,5,2,3,1,4,1,1,0,0,0,0,0,1,0,0,4.66666650772095,6,5,5,5,0
3,2,6,1,4,5,1,0,0,1,1,0,0,1,0,0,2,1,2,3,2,0
6,5,1,3,2,4,1,0,1,0,0,1,0,0,0,0,,5,1,4,1,
4,3,1,5,2,6,1,0,1,0,0,1,0,0,0,0,1.66666662693024,4,4,5,3,0
6,5,1,2,3,4,1,1,0,0,0,0,0,1,0,0,3.33333325386047,4,3,5,5,0
2,5,1,6,4,3,1,0,0,1,0,0,0,1,0,0,4.66666650772095,5,6,5,5,0
2,4,1,3,5,6,0,1,0,0,0,0,0,1,0,0,2.33333325386047,5,6,5,6,0
3,5,6,2,1,4,1,1,0,0,1,1,0,0,0,0,5.66666650772095,7,6,6,6,1
6,4,1,3,2,5,0,1,0,0,1,0,1,0,0,0,3.66666674613953,4,4,4,6,1
